"location","keyword","geo","gprop","total.hits","end.date","start.date"
"Sunshine Coast","paralysis tick","AU-QLD","web",100,2018-04-13,2018-04-06
"Gold Coast","paralysis tick","AU-QLD","web",55,2018-04-13,2018-04-06
"Brisbane","paralysis tick","AU-QLD","web",49,2018-04-13,2018-04-06
"Kandanga","paralysis tick","AU-QLD","web",0,2018-04-13,2018-04-06
"Birkalla","paralysis tick","AU-QLD","web",0,2018-04-13,2018-04-06
"Kairi","paralysis tick","AU-QLD","web",0,2018-04-13,2018-04-06
"Jaggan","paralysis tick","AU-QLD","web",0,2018-04-13,2018-04-06
"Mossman Gorge","paralysis tick","AU-QLD","web",0,2018-04-13,2018-04-06
"Chewko","paralysis tick","AU-QLD","web",0,2018-04-13,2018-04-06
"North Isis","paralysis tick","AU-QLD","web",0,2018-04-13,2018-04-06
"Howitt","paralysis tick","AU-QLD","web",0,2018-04-13,2018-04-06
"Innot Hot Springs","paralysis tick","AU-QLD","web",0,2018-04-13,2018-04-06
"Alligator Creek","paralysis tick","AU-QLD","web",0,2018-04-13,2018-04-06
"Mannuem","paralysis tick","AU-QLD","web",0,2018-04-13,2018-04-06
"Saint George","paralysis tick","AU-QLD","web",0,2018-04-13,2018-04-06
"Damper Creek","paralysis tick","AU-QLD","web",0,2018-04-13,2018-04-06
"Kilcoy","paralysis tick","AU-QLD","web",0,2018-04-13,2018-04-06
"Malanda","paralysis tick","AU-QLD","web",0,2018-04-13,2018-04-06
"Moore Park Beach","paralysis tick","AU-QLD","web",0,2018-04-13,2018-04-06
"Regency Downs","paralysis tick","AU-QLD","web",0,2018-04-13,2018-04-06
"Horn","paralysis tick","AU-QLD","web",0,2018-04-13,2018-04-06
"Yeppoon","paralysis tick","AU-QLD","web",0,2018-04-13,2018-04-06
"Dalby","paralysis tick","AU-QLD","web",0,2018-04-13,2018-04-06
"Maryborough","paralysis tick","AU-QLD","web",0,2018-04-13,2018-04-06
"Mackay","paralysis tick","AU-QLD","web",0,2018-04-13,2018-04-06
"Cairns","paralysis tick","AU-QLD","web",0,2018-04-13,2018-04-06
"Townsville","paralysis tick","AU-QLD","web",0,2018-04-13,2018-04-06
"Gladstone","paralysis tick","AU-QLD","web",0,2018-04-13,2018-04-06
"Hervey Bay","paralysis tick","AU-QLD","web",0,2018-04-13,2018-04-06
"Bundaberg","paralysis tick","AU-QLD","web",0,2018-04-13,2018-04-06
"Toowoomba","paralysis tick","AU-QLD","web",0,2018-04-13,2018-04-06
"Kensington Grove","paralysis tick","AU-QLD","web",0,2018-04-13,2018-04-06
"Brisbane","tick paralysis","AU-QLD","web",100,2018-04-13,2018-04-06
"Kandanga","tick paralysis","AU-QLD","web",0,2018-04-13,2018-04-06
"Birkalla","tick paralysis","AU-QLD","web",0,2018-04-13,2018-04-06
"Kairi","tick paralysis","AU-QLD","web",0,2018-04-13,2018-04-06
"Jaggan","tick paralysis","AU-QLD","web",0,2018-04-13,2018-04-06
"Mossman Gorge","tick paralysis","AU-QLD","web",0,2018-04-13,2018-04-06
"Chewko","tick paralysis","AU-QLD","web",0,2018-04-13,2018-04-06
"North Isis","tick paralysis","AU-QLD","web",0,2018-04-13,2018-04-06
"Howitt","tick paralysis","AU-QLD","web",0,2018-04-13,2018-04-06
"Innot Hot Springs","tick paralysis","AU-QLD","web",0,2018-04-13,2018-04-06
"Alligator Creek","tick paralysis","AU-QLD","web",0,2018-04-13,2018-04-06
"Mannuem","tick paralysis","AU-QLD","web",0,2018-04-13,2018-04-06
"Saint George","tick paralysis","AU-QLD","web",0,2018-04-13,2018-04-06
"Damper Creek","tick paralysis","AU-QLD","web",0,2018-04-13,2018-04-06
"Kilcoy","tick paralysis","AU-QLD","web",0,2018-04-13,2018-04-06
"Malanda","tick paralysis","AU-QLD","web",0,2018-04-13,2018-04-06
"Moore Park Beach","tick paralysis","AU-QLD","web",0,2018-04-13,2018-04-06
"Regency Downs","tick paralysis","AU-QLD","web",0,2018-04-13,2018-04-06
"Horn","tick paralysis","AU-QLD","web",0,2018-04-13,2018-04-06
"Yeppoon","tick paralysis","AU-QLD","web",0,2018-04-13,2018-04-06
"Dalby","tick paralysis","AU-QLD","web",0,2018-04-13,2018-04-06
"Maryborough","tick paralysis","AU-QLD","web",0,2018-04-13,2018-04-06
"Mackay","tick paralysis","AU-QLD","web",0,2018-04-13,2018-04-06
"Sunshine Coast","tick paralysis","AU-QLD","web",0,2018-04-13,2018-04-06
"Cairns","tick paralysis","AU-QLD","web",0,2018-04-13,2018-04-06
"Townsville","tick paralysis","AU-QLD","web",0,2018-04-13,2018-04-06
"Gladstone","tick paralysis","AU-QLD","web",0,2018-04-13,2018-04-06
"Hervey Bay","tick paralysis","AU-QLD","web",0,2018-04-13,2018-04-06
"Gold Coast","tick paralysis","AU-QLD","web",0,2018-04-13,2018-04-06
"Bundaberg","tick paralysis","AU-QLD","web",0,2018-04-13,2018-04-06
"Toowoomba","tick paralysis","AU-QLD","web",0,2018-04-13,2018-04-06
"Kensington Grove","tick paralysis","AU-QLD","web",0,2018-04-13,2018-04-06
"Brisbane","ixodes","AU-QLD","web",100,2018-04-13,2018-04-06
"Yeppoon","ixodes","AU-QLD","web",0,2018-04-13,2018-04-06
"Townsville","ixodes","AU-QLD","web",0,2018-04-13,2018-04-06
"Cairns","ixodes","AU-QLD","web",0,2018-04-13,2018-04-06
"Sunshine Coast","ixodes","AU-QLD","web",0,2018-04-13,2018-04-06
"Gold Coast","ixodes","AU-QLD","web",0,2018-04-13,2018-04-06
"Brisbane","dog tick","AU-QLD","web",100,2018-04-13,2018-04-06
"Yarranlea","dog tick","AU-QLD","web",0,2018-04-13,2018-04-06
"Balnagowan","dog tick","AU-QLD","web",0,2018-04-13,2018-04-06
"Mannuem","dog tick","AU-QLD","web",0,2018-04-13,2018-04-06
"Plainland","dog tick","AU-QLD","web",0,2018-04-13,2018-04-06
"Murphys Creek","dog tick","AU-QLD","web",0,2018-04-13,2018-04-06
"Tolga","dog tick","AU-QLD","web",0,2018-04-13,2018-04-06
"Durham","dog tick","AU-QLD","web",0,2018-04-13,2018-04-06
"Saint George","dog tick","AU-QLD","web",0,2018-04-13,2018-04-06
"Horn","dog tick","AU-QLD","web",0,2018-04-13,2018-04-06
"Zilzie","dog tick","AU-QLD","web",0,2018-04-13,2018-04-06
"Calliope","dog tick","AU-QLD","web",0,2018-04-13,2018-04-06
"Stanthorpe","dog tick","AU-QLD","web",0,2018-04-13,2018-04-06
"Highfields","dog tick","AU-QLD","web",0,2018-04-13,2018-04-06
"Roma","dog tick","AU-QLD","web",0,2018-04-13,2018-04-06
"Dalby","dog tick","AU-QLD","web",0,2018-04-13,2018-04-06
"Cairns","dog tick","AU-QLD","web",0,2018-04-13,2018-04-06
"Sunshine Coast","dog tick","AU-QLD","web",0,2018-04-13,2018-04-06
"Townsville","dog tick","AU-QLD","web",0,2018-04-13,2018-04-06
"Gold Coast","dog tick","AU-QLD","web",0,2018-04-13,2018-04-06
"Bundaberg","dog tick","AU-QLD","web",0,2018-04-13,2018-04-06
"Rockhampton","dog tick","AU-QLD","web",0,2018-04-13,2018-04-06
"Toowoomba","dog tick","AU-QLD","web",0,2018-04-13,2018-04-06
"Hervey Bay","dog tick","AU-QLD","web",0,2018-04-13,2018-04-06
"Mannuem","dog paralysis tick","AU-QLD","web",0,2018-04-13,2018-04-06
"Dalby","dog paralysis tick","AU-QLD","web",0,2018-04-13,2018-04-06
"Cairns","dog paralysis tick","AU-QLD","web",0,2018-04-13,2018-04-06
"Sunshine Coast","dog paralysis tick","AU-QLD","web",0,2018-04-13,2018-04-06
"Townsville","dog paralysis tick","AU-QLD","web",0,2018-04-13,2018-04-06
"Brisbane","dog paralysis tick","AU-QLD","web",0,2018-04-13,2018-04-06
"Gold Coast","dog paralysis tick","AU-QLD","web",0,2018-04-13,2018-04-06
"Brisbane","removing ticks","AU-QLD","web",100,2018-04-13,2018-04-06
"Calliope","removing ticks","AU-QLD","web",0,2018-04-13,2018-04-06
"Roma","removing ticks","AU-QLD","web",0,2018-04-13,2018-04-06
"Sunshine Coast","removing ticks","AU-QLD","web",0,2018-04-13,2018-04-06
"Townsville","tick infestation","AU-QLD","web",0,2018-04-13,2018-04-06
"Brisbane","tick infestation","AU-QLD","web",0,2018-04-13,2018-04-06
"Sandy Ridges","tick prevention","AU-QLD","web",0,2018-04-13,2018-04-06
"Glenorchy","tick prevention","AU-QLD","web",0,2018-04-13,2018-04-06
"Warwick","tick prevention","AU-QLD","web",0,2018-04-13,2018-04-06
"Bundaberg","tick prevention","AU-QLD","web",0,2018-04-13,2018-04-06
"Townsville","tick prevention","AU-QLD","web",0,2018-04-13,2018-04-06
"Cairns","tick prevention","AU-QLD","web",0,2018-04-13,2018-04-06
"Sunshine Coast","tick prevention","AU-QLD","web",0,2018-04-13,2018-04-06
"Brisbane","tick prevention","AU-QLD","web",0,2018-04-13,2018-04-06
"Gold Coast","tick prevention","AU-QLD","web",0,2018-04-13,2018-04-06
"Sydney","paralysis tick","AU-NSW","web",100,2018-04-13,2018-04-06
"Kyeamba","paralysis tick","AU-NSW","web",0,2018-04-13,2018-04-06
"Exeter","paralysis tick","AU-NSW","web",0,2018-04-13,2018-04-06
"Berrima","paralysis tick","AU-NSW","web",0,2018-04-13,2018-04-06
"Broke","paralysis tick","AU-NSW","web",0,2018-04-13,2018-04-06
"Sun Valley","paralysis tick","AU-NSW","web",0,2018-04-13,2018-04-06
"Cudgen","paralysis tick","AU-NSW","web",0,2018-04-13,2018-04-06
"Arrawarra","paralysis tick","AU-NSW","web",0,2018-04-13,2018-04-06
"Nabiac","paralysis tick","AU-NSW","web",0,2018-04-13,2018-04-06
"Kosciuszko National Park","paralysis tick","AU-NSW","web",0,2018-04-13,2018-04-06
"Ulladulla","paralysis tick","AU-NSW","web",0,2018-04-13,2018-04-06
"Cobar","paralysis tick","AU-NSW","web",0,2018-04-13,2018-04-06
"Fernvale","paralysis tick","AU-NSW","web",0,2018-04-13,2018-04-06
"Batemans Bay","paralysis tick","AU-NSW","web",0,2018-04-13,2018-04-06
"Corowa","paralysis tick","AU-NSW","web",0,2018-04-13,2018-04-06
"Broken Hill","paralysis tick","AU-NSW","web",0,2018-04-13,2018-04-06
"Bowral","paralysis tick","AU-NSW","web",0,2018-04-13,2018-04-06
"Singleton","paralysis tick","AU-NSW","web",0,2018-04-13,2018-04-06
"Wagga Wagga","paralysis tick","AU-NSW","web",0,2018-04-13,2018-04-06
"Lismore","paralysis tick","AU-NSW","web",0,2018-04-13,2018-04-06
"Bathurst","paralysis tick","AU-NSW","web",0,2018-04-13,2018-04-06
"Port Macquarie","paralysis tick","AU-NSW","web",0,2018-04-13,2018-04-06
"Newcastle","paralysis tick","AU-NSW","web",0,2018-04-13,2018-04-06
"Central Coast","paralysis tick","AU-NSW","web",0,2018-04-13,2018-04-06
"Wollongong","paralysis tick","AU-NSW","web",0,2018-04-13,2018-04-06
"Bridgman","paralysis tick","AU-NSW","web",0,2018-04-13,2018-04-06
"Kingscliff","paralysis tick","AU-NSW","web",0,2018-04-13,2018-04-06
"Sydney","tick paralysis","AU-NSW","web",100,2018-04-13,2018-04-06
"Kyeamba","tick paralysis","AU-NSW","web",0,2018-04-13,2018-04-06
"Exeter","tick paralysis","AU-NSW","web",0,2018-04-13,2018-04-06
"Berrima","tick paralysis","AU-NSW","web",0,2018-04-13,2018-04-06
"Broke","tick paralysis","AU-NSW","web",0,2018-04-13,2018-04-06
"Sun Valley","tick paralysis","AU-NSW","web",0,2018-04-13,2018-04-06
"Cudgen","tick paralysis","AU-NSW","web",0,2018-04-13,2018-04-06
"Arrawarra","tick paralysis","AU-NSW","web",0,2018-04-13,2018-04-06
"Nabiac","tick paralysis","AU-NSW","web",0,2018-04-13,2018-04-06
"Kosciuszko National Park","tick paralysis","AU-NSW","web",0,2018-04-13,2018-04-06
"Ulladulla","tick paralysis","AU-NSW","web",0,2018-04-13,2018-04-06
"Cobar","tick paralysis","AU-NSW","web",0,2018-04-13,2018-04-06
"Fernvale","tick paralysis","AU-NSW","web",0,2018-04-13,2018-04-06
"Batemans Bay","tick paralysis","AU-NSW","web",0,2018-04-13,2018-04-06
"Corowa","tick paralysis","AU-NSW","web",0,2018-04-13,2018-04-06
"Broken Hill","tick paralysis","AU-NSW","web",0,2018-04-13,2018-04-06
"Bowral","tick paralysis","AU-NSW","web",0,2018-04-13,2018-04-06
"Singleton","tick paralysis","AU-NSW","web",0,2018-04-13,2018-04-06
"Wagga Wagga","tick paralysis","AU-NSW","web",0,2018-04-13,2018-04-06
"Lismore","tick paralysis","AU-NSW","web",0,2018-04-13,2018-04-06
"Bathurst","tick paralysis","AU-NSW","web",0,2018-04-13,2018-04-06
"Port Macquarie","tick paralysis","AU-NSW","web",0,2018-04-13,2018-04-06
"Newcastle","tick paralysis","AU-NSW","web",0,2018-04-13,2018-04-06
"Central Coast","tick paralysis","AU-NSW","web",0,2018-04-13,2018-04-06
"Wollongong","tick paralysis","AU-NSW","web",0,2018-04-13,2018-04-06
"Bridgman","tick paralysis","AU-NSW","web",0,2018-04-13,2018-04-06
"Kingscliff","tick paralysis","AU-NSW","web",0,2018-04-13,2018-04-06
"Sydney","ixodes","AU-NSW","web",0,2018-04-13,2018-04-06
"Sydney","dog tick","AU-NSW","web",100,2018-04-13,2018-04-06
"Middle Flat","dog tick","AU-NSW","web",0,2018-04-13,2018-04-06
"Stotts Creek","dog tick","AU-NSW","web",0,2018-04-13,2018-04-06
"Greigs Flat","dog tick","AU-NSW","web",0,2018-04-13,2018-04-06
"Camberwell","dog tick","AU-NSW","web",0,2018-04-13,2018-04-06
"Valla Beach","dog tick","AU-NSW","web",0,2018-04-13,2018-04-06
"Wingello","dog tick","AU-NSW","web",0,2018-04-13,2018-04-06
"Crabbes Creek","dog tick","AU-NSW","web",0,2018-04-13,2018-04-06
"Townsend","dog tick","AU-NSW","web",0,2018-04-13,2018-04-06
"Barrengarry","dog tick","AU-NSW","web",0,2018-04-13,2018-04-06
"Bangalee","dog tick","AU-NSW","web",0,2018-04-13,2018-04-06
"Berrima","dog tick","AU-NSW","web",0,2018-04-13,2018-04-06
"South Pambula","dog tick","AU-NSW","web",0,2018-04-13,2018-04-06
"Narromine","dog tick","AU-NSW","web",0,2018-04-13,2018-04-06
"Sunshine Bay","dog tick","AU-NSW","web",0,2018-04-13,2018-04-06
"Sussex Inlet","dog tick","AU-NSW","web",0,2018-04-13,2018-04-06
"Table Top","dog tick","AU-NSW","web",0,2018-04-13,2018-04-06
"Jolly Nose","dog tick","AU-NSW","web",0,2018-04-13,2018-04-06
"Wallaroo","dog tick","AU-NSW","web",0,2018-04-13,2018-04-06
"Broken Hill","dog tick","AU-NSW","web",0,2018-04-13,2018-04-06
"Sanctuary Point","dog tick","AU-NSW","web",0,2018-04-13,2018-04-06
"Leeton","dog tick","AU-NSW","web",0,2018-04-13,2018-04-06
"Batemans Bay","dog tick","AU-NSW","web",0,2018-04-13,2018-04-06
"Banora Point","dog tick","AU-NSW","web",0,2018-04-13,2018-04-06
"Singleton","dog tick","AU-NSW","web",0,2018-04-13,2018-04-06
"Grafton","dog tick","AU-NSW","web",0,2018-04-13,2018-04-06
"Wagga Wagga","dog tick","AU-NSW","web",0,2018-04-13,2018-04-06
"Central Coast","dog tick","AU-NSW","web",0,2018-04-13,2018-04-06
"Coffs Harbour","dog tick","AU-NSW","web",0,2018-04-13,2018-04-06
"Bathurst","dog tick","AU-NSW","web",0,2018-04-13,2018-04-06
"Newcastle","dog tick","AU-NSW","web",0,2018-04-13,2018-04-06
"Wollongong","dog tick","AU-NSW","web",0,2018-04-13,2018-04-06
"Port Macquarie","dog tick","AU-NSW","web",0,2018-04-13,2018-04-06
"Albury","dog tick","AU-NSW","web",0,2018-04-13,2018-04-06
"Back Forest","dog tick","AU-NSW","web",0,2018-04-13,2018-04-06
"South West Rocks","dog tick","AU-NSW","web",0,2018-04-13,2018-04-06
"Berrima","dog paralysis tick","AU-NSW","web",0,2018-04-13,2018-04-06
"South West Rocks","dog paralysis tick","AU-NSW","web",0,2018-04-13,2018-04-06
"Batemans Bay","dog paralysis tick","AU-NSW","web",0,2018-04-13,2018-04-06
"Broken Hill","dog paralysis tick","AU-NSW","web",0,2018-04-13,2018-04-06
"Port Macquarie","dog paralysis tick","AU-NSW","web",0,2018-04-13,2018-04-06
"Newcastle","dog paralysis tick","AU-NSW","web",0,2018-04-13,2018-04-06
"Central Coast","dog paralysis tick","AU-NSW","web",0,2018-04-13,2018-04-06
"Sydney","dog paralysis tick","AU-NSW","web",0,2018-04-13,2018-04-06
"Sydney","removing ticks","AU-NSW","web",100,2018-04-13,2018-04-06
"South Durras","removing ticks","AU-NSW","web",0,2018-04-13,2018-04-06
"Newrybar","removing ticks","AU-NSW","web",0,2018-04-13,2018-04-06
"Crabbes Creek","removing ticks","AU-NSW","web",0,2018-04-13,2018-04-06
"Lennox Head","removing ticks","AU-NSW","web",0,2018-04-13,2018-04-06
"Gunnedah","removing ticks","AU-NSW","web",0,2018-04-13,2018-04-06
"Springwood","removing ticks","AU-NSW","web",0,2018-04-13,2018-04-06
"Wollongong","removing ticks","AU-NSW","web",0,2018-04-13,2018-04-06
"Central Coast","removing ticks","AU-NSW","web",0,2018-04-13,2018-04-06
"Woronora Dam","tick infestation","AU-NSW","web",0,2018-04-13,2018-04-06
"Bourke","tick infestation","AU-NSW","web",0,2018-04-13,2018-04-06
"Sydney","tick infestation","AU-NSW","web",0,2018-04-13,2018-04-06
"Blueys Beach","tick prevention","AU-NSW","web",0,2018-04-13,2018-04-06
"Barrengarry","tick prevention","AU-NSW","web",0,2018-04-13,2018-04-06
"Greigs Flat","tick prevention","AU-NSW","web",0,2018-04-13,2018-04-06
"Hay","tick prevention","AU-NSW","web",0,2018-04-13,2018-04-06
"Duri","tick prevention","AU-NSW","web",0,2018-04-13,2018-04-06
"Bundanoon","tick prevention","AU-NSW","web",0,2018-04-13,2018-04-06
"Wingham","tick prevention","AU-NSW","web",0,2018-04-13,2018-04-06
"Blaxland","tick prevention","AU-NSW","web",0,2018-04-13,2018-04-06
"Forster","tick prevention","AU-NSW","web",0,2018-04-13,2018-04-06
"Coffs Harbour","tick prevention","AU-NSW","web",0,2018-04-13,2018-04-06
"Newcastle","tick prevention","AU-NSW","web",0,2018-04-13,2018-04-06
"Central Coast","tick prevention","AU-NSW","web",0,2018-04-13,2018-04-06
"Sydney","tick prevention","AU-NSW","web",0,2018-04-13,2018-04-06
"Brisbane","paralysis tick","AU-QLD","web",159,2018-04-05,2018-03-29
"College View","paralysis tick","AU-QLD","web",0,2018-04-05,2018-03-29
"Churchable","paralysis tick","AU-QLD","web",0,2018-04-05,2018-03-29
"Yandaran","paralysis tick","AU-QLD","web",0,2018-04-05,2018-03-29
"Irvinebank","paralysis tick","AU-QLD","web",0,2018-04-05,2018-03-29
"Mundoo","paralysis tick","AU-QLD","web",0,2018-04-05,2018-03-29
"Lawes","paralysis tick","AU-QLD","web",0,2018-04-05,2018-03-29
"Ravenshoe","paralysis tick","AU-QLD","web",0,2018-04-05,2018-03-29
"Tolga","paralysis tick","AU-QLD","web",0,2018-04-05,2018-03-29
"Strathdickie","paralysis tick","AU-QLD","web",0,2018-04-05,2018-03-29
"Wongabel","paralysis tick","AU-QLD","web",0,2018-04-05,2018-03-29
"Calliope","paralysis tick","AU-QLD","web",0,2018-04-05,2018-03-29
"Gatton","paralysis tick","AU-QLD","web",0,2018-04-05,2018-03-29
"Kingaroy","paralysis tick","AU-QLD","web",0,2018-04-05,2018-03-29
"Port Douglas","paralysis tick","AU-QLD","web",0,2018-04-05,2018-03-29
"Mackay","paralysis tick","AU-QLD","web",0,2018-04-05,2018-03-29
"Toowoomba","paralysis tick","AU-QLD","web",0,2018-04-05,2018-03-29
"Cairns","paralysis tick","AU-QLD","web",0,2018-04-05,2018-03-29
"Sunshine Coast","paralysis tick","AU-QLD","web",90,2018-04-05,2018-03-29
"Townsville","paralysis tick","AU-QLD","web",0,2018-04-05,2018-03-29
"Gold Coast","paralysis tick","AU-QLD","web",87,2018-04-05,2018-03-29
"Hervey Bay","paralysis tick","AU-QLD","web",0,2018-04-05,2018-03-29
"Rockhampton","paralysis tick","AU-QLD","web",0,2018-04-05,2018-03-29
"Brisbane","tick paralysis","AU-QLD","web",159,2018-04-05,2018-03-29
"College View","tick paralysis","AU-QLD","web",0,2018-04-05,2018-03-29
"Churchable","tick paralysis","AU-QLD","web",0,2018-04-05,2018-03-29
"Yandaran","tick paralysis","AU-QLD","web",0,2018-04-05,2018-03-29
"Irvinebank","tick paralysis","AU-QLD","web",0,2018-04-05,2018-03-29
"Mundoo","tick paralysis","AU-QLD","web",0,2018-04-05,2018-03-29
"Lawes","tick paralysis","AU-QLD","web",0,2018-04-05,2018-03-29
"Ravenshoe","tick paralysis","AU-QLD","web",0,2018-04-05,2018-03-29
"Tolga","tick paralysis","AU-QLD","web",0,2018-04-05,2018-03-29
"Strathdickie","tick paralysis","AU-QLD","web",0,2018-04-05,2018-03-29
"Wongabel","tick paralysis","AU-QLD","web",0,2018-04-05,2018-03-29
"Calliope","tick paralysis","AU-QLD","web",0,2018-04-05,2018-03-29
"Gatton","tick paralysis","AU-QLD","web",0,2018-04-05,2018-03-29
"Kingaroy","tick paralysis","AU-QLD","web",0,2018-04-05,2018-03-29
"Port Douglas","tick paralysis","AU-QLD","web",0,2018-04-05,2018-03-29
"Mackay","tick paralysis","AU-QLD","web",0,2018-04-05,2018-03-29
"Toowoomba","tick paralysis","AU-QLD","web",0,2018-04-05,2018-03-29
"Cairns","tick paralysis","AU-QLD","web",0,2018-04-05,2018-03-29
"Sunshine Coast","tick paralysis","AU-QLD","web",0,2018-04-05,2018-03-29
"Townsville","tick paralysis","AU-QLD","web",0,2018-04-05,2018-03-29
"Gold Coast","tick paralysis","AU-QLD","web",0,2018-04-05,2018-03-29
"Hervey Bay","tick paralysis","AU-QLD","web",0,2018-04-05,2018-03-29
"Rockhampton","tick paralysis","AU-QLD","web",0,2018-04-05,2018-03-29
"Brisbane","ixodes","AU-QLD","web",105,2018-04-05,2018-03-29
"College View","ixodes","AU-QLD","web",0,2018-04-05,2018-03-29
"Churchable","ixodes","AU-QLD","web",0,2018-04-05,2018-03-29
"Yandaran","ixodes","AU-QLD","web",0,2018-04-05,2018-03-29
"Irvinebank","ixodes","AU-QLD","web",0,2018-04-05,2018-03-29
"Mundoo","ixodes","AU-QLD","web",0,2018-04-05,2018-03-29
"Lawes","ixodes","AU-QLD","web",0,2018-04-05,2018-03-29
"Ravenshoe","ixodes","AU-QLD","web",0,2018-04-05,2018-03-29
"Tolga","ixodes","AU-QLD","web",0,2018-04-05,2018-03-29
"Strathdickie","ixodes","AU-QLD","web",0,2018-04-05,2018-03-29
"Wongabel","ixodes","AU-QLD","web",0,2018-04-05,2018-03-29
"Calliope","ixodes","AU-QLD","web",0,2018-04-05,2018-03-29
"Gatton","ixodes","AU-QLD","web",0,2018-04-05,2018-03-29
"Kingaroy","ixodes","AU-QLD","web",0,2018-04-05,2018-03-29
"Port Douglas","ixodes","AU-QLD","web",0,2018-04-05,2018-03-29
"Mackay","ixodes","AU-QLD","web",0,2018-04-05,2018-03-29
"Toowoomba","ixodes","AU-QLD","web",0,2018-04-05,2018-03-29
"Cairns","ixodes","AU-QLD","web",0,2018-04-05,2018-03-29
"Sunshine Coast","ixodes","AU-QLD","web",0,2018-04-05,2018-03-29
"Townsville","ixodes","AU-QLD","web",0,2018-04-05,2018-03-29
"Gold Coast","ixodes","AU-QLD","web",0,2018-04-05,2018-03-29
"Hervey Bay","ixodes","AU-QLD","web",0,2018-04-05,2018-03-29
"Rockhampton","ixodes","AU-QLD","web",0,2018-04-05,2018-03-29
"Brisbane","dog tick","AU-QLD","web",200,2018-04-05,2018-03-29
"College View","dog tick","AU-QLD","web",0,2018-04-05,2018-03-29
"Churchable","dog tick","AU-QLD","web",0,2018-04-05,2018-03-29
"Yandaran","dog tick","AU-QLD","web",0,2018-04-05,2018-03-29
"Irvinebank","dog tick","AU-QLD","web",0,2018-04-05,2018-03-29
"Mundoo","dog tick","AU-QLD","web",0,2018-04-05,2018-03-29
"Lawes","dog tick","AU-QLD","web",0,2018-04-05,2018-03-29
"Ravenshoe","dog tick","AU-QLD","web",0,2018-04-05,2018-03-29
"Tolga","dog tick","AU-QLD","web",0,2018-04-05,2018-03-29
"Strathdickie","dog tick","AU-QLD","web",0,2018-04-05,2018-03-29
"Wongabel","dog tick","AU-QLD","web",0,2018-04-05,2018-03-29
"Calliope","dog tick","AU-QLD","web",0,2018-04-05,2018-03-29
"Gatton","dog tick","AU-QLD","web",0,2018-04-05,2018-03-29
"Kingaroy","dog tick","AU-QLD","web",0,2018-04-05,2018-03-29
"Port Douglas","dog tick","AU-QLD","web",0,2018-04-05,2018-03-29
"Mackay","dog tick","AU-QLD","web",0,2018-04-05,2018-03-29
"Toowoomba","dog tick","AU-QLD","web",0,2018-04-05,2018-03-29
"Cairns","dog tick","AU-QLD","web",0,2018-04-05,2018-03-29
"Sunshine Coast","dog tick","AU-QLD","web",0,2018-04-05,2018-03-29
"Townsville","dog tick","AU-QLD","web",0,2018-04-05,2018-03-29
"Gold Coast","dog tick","AU-QLD","web",0,2018-04-05,2018-03-29
"Hervey Bay","dog tick","AU-QLD","web",0,2018-04-05,2018-03-29
"Rockhampton","dog tick","AU-QLD","web",0,2018-04-05,2018-03-29
"Brisbane","dog paralysis tick","AU-QLD","web",0,2018-04-05,2018-03-29
"College View","dog paralysis tick","AU-QLD","web",0,2018-04-05,2018-03-29
"Churchable","dog paralysis tick","AU-QLD","web",0,2018-04-05,2018-03-29
"Yandaran","dog paralysis tick","AU-QLD","web",0,2018-04-05,2018-03-29
"Irvinebank","dog paralysis tick","AU-QLD","web",0,2018-04-05,2018-03-29
"Mundoo","dog paralysis tick","AU-QLD","web",0,2018-04-05,2018-03-29
"Lawes","dog paralysis tick","AU-QLD","web",0,2018-04-05,2018-03-29
"Ravenshoe","dog paralysis tick","AU-QLD","web",0,2018-04-05,2018-03-29
"Tolga","dog paralysis tick","AU-QLD","web",0,2018-04-05,2018-03-29
"Strathdickie","dog paralysis tick","AU-QLD","web",0,2018-04-05,2018-03-29
"Wongabel","dog paralysis tick","AU-QLD","web",0,2018-04-05,2018-03-29
"Calliope","dog paralysis tick","AU-QLD","web",0,2018-04-05,2018-03-29
"Gatton","dog paralysis tick","AU-QLD","web",0,2018-04-05,2018-03-29
"Kingaroy","dog paralysis tick","AU-QLD","web",0,2018-04-05,2018-03-29
"Port Douglas","dog paralysis tick","AU-QLD","web",0,2018-04-05,2018-03-29
"Mackay","dog paralysis tick","AU-QLD","web",0,2018-04-05,2018-03-29
"Toowoomba","dog paralysis tick","AU-QLD","web",0,2018-04-05,2018-03-29
"Cairns","dog paralysis tick","AU-QLD","web",0,2018-04-05,2018-03-29
"Sunshine Coast","dog paralysis tick","AU-QLD","web",0,2018-04-05,2018-03-29
"Townsville","dog paralysis tick","AU-QLD","web",0,2018-04-05,2018-03-29
"Gold Coast","dog paralysis tick","AU-QLD","web",0,2018-04-05,2018-03-29
"Hervey Bay","dog paralysis tick","AU-QLD","web",0,2018-04-05,2018-03-29
"Rockhampton","dog paralysis tick","AU-QLD","web",0,2018-04-05,2018-03-29
"Mossman Gorge","dog tick","AU-QLD","web",0,2018-04-05,2018-03-29
"Hampton","dog tick","AU-QLD","web",0,2018-04-05,2018-03-29
"Kalbar","dog tick","AU-QLD","web",0,2018-04-05,2018-03-29
"Beatrice","dog tick","AU-QLD","web",0,2018-04-05,2018-03-29
"Mulambin","dog tick","AU-QLD","web",0,2018-04-05,2018-03-29
"Forest Hill","dog tick","AU-QLD","web",0,2018-04-05,2018-03-29
"Booie","dog tick","AU-QLD","web",0,2018-04-05,2018-03-29
"Mount Hallen","dog tick","AU-QLD","web",0,2018-04-05,2018-03-29
"Edward River","dog tick","AU-QLD","web",0,2018-04-05,2018-03-29
"Childers","dog tick","AU-QLD","web",0,2018-04-05,2018-03-29
"Meringandan West","dog tick","AU-QLD","web",0,2018-04-05,2018-03-29
"Home Hill","dog tick","AU-QLD","web",0,2018-04-05,2018-03-29
"Valley of Lagoons","dog tick","AU-QLD","web",0,2018-04-05,2018-03-29
"Dysart","dog tick","AU-QLD","web",0,2018-04-05,2018-03-29
"Ingham","dog tick","AU-QLD","web",0,2018-04-05,2018-03-29
"Devereux Creek","dog tick","AU-QLD","web",0,2018-04-05,2018-03-29
"Laidley","dog tick","AU-QLD","web",0,2018-04-05,2018-03-29
"Sarina","dog tick","AU-QLD","web",0,2018-04-05,2018-03-29
"Curra","dog tick","AU-QLD","web",0,2018-04-05,2018-03-29
"Roma","dog tick","AU-QLD","web",0,2018-04-05,2018-03-29
"Bowen","dog tick","AU-QLD","web",0,2018-04-05,2018-03-29
"Kingsthorpe","removing ticks","AU-QLD","web",0,2018-04-05,2018-03-29
"Hervey Bay","removing ticks","AU-QLD","web",0,2018-04-05,2018-03-29
"Bundaberg","removing ticks","AU-QLD","web",0,2018-04-05,2018-03-29
"Cairns","removing ticks","AU-QLD","web",0,2018-04-05,2018-03-29
"Sunshine Coast","removing ticks","AU-QLD","web",0,2018-04-05,2018-03-29
"Brisbane","removing ticks","AU-QLD","web",100,2018-04-05,2018-03-29
"Gold Coast","removing ticks","AU-QLD","web",0,2018-04-05,2018-03-29
"Kingsthorpe","tick infestation","AU-QLD","web",0,2018-04-05,2018-03-29
"Hervey Bay","tick infestation","AU-QLD","web",0,2018-04-05,2018-03-29
"Bundaberg","tick infestation","AU-QLD","web",0,2018-04-05,2018-03-29
"Cairns","tick infestation","AU-QLD","web",0,2018-04-05,2018-03-29
"Sunshine Coast","tick infestation","AU-QLD","web",0,2018-04-05,2018-03-29
"Brisbane","tick infestation","AU-QLD","web",0,2018-04-05,2018-03-29
"Gold Coast","tick infestation","AU-QLD","web",0,2018-04-05,2018-03-29
"Kingsthorpe","tick prevention","AU-QLD","web",0,2018-04-05,2018-03-29
"Hervey Bay","tick prevention","AU-QLD","web",0,2018-04-05,2018-03-29
"Bundaberg","tick prevention","AU-QLD","web",0,2018-04-05,2018-03-29
"Cairns","tick prevention","AU-QLD","web",0,2018-04-05,2018-03-29
"Sunshine Coast","tick prevention","AU-QLD","web",0,2018-04-05,2018-03-29
"Brisbane","tick prevention","AU-QLD","web",0,2018-04-05,2018-03-29
"Gold Coast","tick prevention","AU-QLD","web",0,2018-04-05,2018-03-29
"Mckinlay","tick infestation","AU-QLD","web",0,2018-04-05,2018-03-29
"Roadvale","tick prevention","AU-QLD","web",0,2018-04-05,2018-03-29
"Mckinlay","tick prevention","AU-QLD","web",0,2018-04-05,2018-03-29
"Lawes","tick prevention","AU-QLD","web",0,2018-04-05,2018-03-29
"Pittsworth","tick prevention","AU-QLD","web",0,2018-04-05,2018-03-29
"Rockhampton","tick prevention","AU-QLD","web",0,2018-04-05,2018-03-29
"Mackay","tick prevention","AU-QLD","web",0,2018-04-05,2018-03-29
"Townsville","tick prevention","AU-QLD","web",0,2018-04-05,2018-03-29
"Sydney","paralysis tick","AU-NSW","web",149,2018-04-05,2018-03-29
"East Kangaloon","paralysis tick","AU-NSW","web",0,2018-04-05,2018-03-29
"Wherrol Flat","paralysis tick","AU-NSW","web",0,2018-04-05,2018-03-29
"Benandarah","paralysis tick","AU-NSW","web",0,2018-04-05,2018-03-29
"Chowan Creek","paralysis tick","AU-NSW","web",0,2018-04-05,2018-03-29
"North Casino","paralysis tick","AU-NSW","web",0,2018-04-05,2018-03-29
"Warren","paralysis tick","AU-NSW","web",0,2018-04-05,2018-03-29
"Coramba","paralysis tick","AU-NSW","web",0,2018-04-05,2018-03-29
"Valla","paralysis tick","AU-NSW","web",0,2018-04-05,2018-03-29
"Tumbarumba","paralysis tick","AU-NSW","web",0,2018-04-05,2018-03-29
"Karuah","paralysis tick","AU-NSW","web",0,2018-04-05,2018-03-29
"Bodalla","paralysis tick","AU-NSW","web",0,2018-04-05,2018-03-29
"Wollongbar","paralysis tick","AU-NSW","web",0,2018-04-05,2018-03-29
"Tocumwal","paralysis tick","AU-NSW","web",0,2018-04-05,2018-03-29
"Eden","paralysis tick","AU-NSW","web",0,2018-04-05,2018-03-29
"Lake Innes","paralysis tick","AU-NSW","web",0,2018-04-05,2018-03-29
"Hazelbrook","paralysis tick","AU-NSW","web",0,2018-04-05,2018-03-29
"Faulconbridge","paralysis tick","AU-NSW","web",0,2018-04-05,2018-03-29
"Inverell","paralysis tick","AU-NSW","web",0,2018-04-05,2018-03-29
"Casino","paralysis tick","AU-NSW","web",0,2018-04-05,2018-03-29
"Warrimoo","paralysis tick","AU-NSW","web",0,2018-04-05,2018-03-29
"Picton","paralysis tick","AU-NSW","web",0,2018-04-05,2018-03-29
"Hill Top","paralysis tick","AU-NSW","web",0,2018-04-05,2018-03-29
"Yamba","paralysis tick","AU-NSW","web",0,2018-04-05,2018-03-29
"Springwood","paralysis tick","AU-NSW","web",0,2018-04-05,2018-03-29
"Saint Georges Basin","paralysis tick","AU-NSW","web",0,2018-04-05,2018-03-29
"Coffs Harbour","paralysis tick","AU-NSW","web",0,2018-04-05,2018-03-29
"Port Macquarie","paralysis tick","AU-NSW","web",0,2018-04-05,2018-03-29
"Lismore","paralysis tick","AU-NSW","web",0,2018-04-05,2018-03-29
"Newcastle","paralysis tick","AU-NSW","web",0,2018-04-05,2018-03-29
"Queanbeyan","paralysis tick","AU-NSW","web",0,2018-04-05,2018-03-29
"Central Coast","paralysis tick","AU-NSW","web",0,2018-04-05,2018-03-29
"Wollongong","paralysis tick","AU-NSW","web",0,2018-04-05,2018-03-29
"Wagga Wagga","paralysis tick","AU-NSW","web",0,2018-04-05,2018-03-29
"Mittagong","paralysis tick","AU-NSW","web",0,2018-04-05,2018-03-29
"Sydney","tick paralysis","AU-NSW","web",149,2018-04-05,2018-03-29
"East Kangaloon","tick paralysis","AU-NSW","web",0,2018-04-05,2018-03-29
"Wherrol Flat","tick paralysis","AU-NSW","web",0,2018-04-05,2018-03-29
"Benandarah","tick paralysis","AU-NSW","web",0,2018-04-05,2018-03-29
"Chowan Creek","tick paralysis","AU-NSW","web",0,2018-04-05,2018-03-29
"North Casino","tick paralysis","AU-NSW","web",0,2018-04-05,2018-03-29
"Warren","tick paralysis","AU-NSW","web",0,2018-04-05,2018-03-29
"Coramba","tick paralysis","AU-NSW","web",0,2018-04-05,2018-03-29
"Valla","tick paralysis","AU-NSW","web",0,2018-04-05,2018-03-29
"Tumbarumba","tick paralysis","AU-NSW","web",0,2018-04-05,2018-03-29
"Karuah","tick paralysis","AU-NSW","web",0,2018-04-05,2018-03-29
"Bodalla","tick paralysis","AU-NSW","web",0,2018-04-05,2018-03-29
"Wollongbar","tick paralysis","AU-NSW","web",0,2018-04-05,2018-03-29
"Tocumwal","tick paralysis","AU-NSW","web",0,2018-04-05,2018-03-29
"Eden","tick paralysis","AU-NSW","web",0,2018-04-05,2018-03-29
"Lake Innes","tick paralysis","AU-NSW","web",0,2018-04-05,2018-03-29
"Hazelbrook","tick paralysis","AU-NSW","web",0,2018-04-05,2018-03-29
"Faulconbridge","tick paralysis","AU-NSW","web",0,2018-04-05,2018-03-29
"Inverell","tick paralysis","AU-NSW","web",0,2018-04-05,2018-03-29
"Casino","tick paralysis","AU-NSW","web",0,2018-04-05,2018-03-29
"Warrimoo","tick paralysis","AU-NSW","web",0,2018-04-05,2018-03-29
"Picton","tick paralysis","AU-NSW","web",0,2018-04-05,2018-03-29
"Hill Top","tick paralysis","AU-NSW","web",0,2018-04-05,2018-03-29
"Yamba","tick paralysis","AU-NSW","web",0,2018-04-05,2018-03-29
"Springwood","tick paralysis","AU-NSW","web",0,2018-04-05,2018-03-29
"Saint Georges Basin","tick paralysis","AU-NSW","web",0,2018-04-05,2018-03-29
"Coffs Harbour","tick paralysis","AU-NSW","web",0,2018-04-05,2018-03-29
"Port Macquarie","tick paralysis","AU-NSW","web",0,2018-04-05,2018-03-29
"Lismore","tick paralysis","AU-NSW","web",0,2018-04-05,2018-03-29
"Newcastle","tick paralysis","AU-NSW","web",0,2018-04-05,2018-03-29
"Queanbeyan","tick paralysis","AU-NSW","web",0,2018-04-05,2018-03-29
"Central Coast","tick paralysis","AU-NSW","web",0,2018-04-05,2018-03-29
"Wollongong","tick paralysis","AU-NSW","web",0,2018-04-05,2018-03-29
"Wagga Wagga","tick paralysis","AU-NSW","web",0,2018-04-05,2018-03-29
"Mittagong","tick paralysis","AU-NSW","web",0,2018-04-05,2018-03-29
"Sydney","ixodes","AU-NSW","web",0,2018-04-05,2018-03-29
"East Kangaloon","ixodes","AU-NSW","web",0,2018-04-05,2018-03-29
"Wherrol Flat","ixodes","AU-NSW","web",0,2018-04-05,2018-03-29
"Benandarah","ixodes","AU-NSW","web",0,2018-04-05,2018-03-29
"Chowan Creek","ixodes","AU-NSW","web",0,2018-04-05,2018-03-29
"North Casino","ixodes","AU-NSW","web",0,2018-04-05,2018-03-29
"Warren","ixodes","AU-NSW","web",0,2018-04-05,2018-03-29
"Coramba","ixodes","AU-NSW","web",0,2018-04-05,2018-03-29
"Valla","ixodes","AU-NSW","web",0,2018-04-05,2018-03-29
"Tumbarumba","ixodes","AU-NSW","web",0,2018-04-05,2018-03-29
"Karuah","ixodes","AU-NSW","web",0,2018-04-05,2018-03-29
"Bodalla","ixodes","AU-NSW","web",0,2018-04-05,2018-03-29
"Wollongbar","ixodes","AU-NSW","web",0,2018-04-05,2018-03-29
"Tocumwal","ixodes","AU-NSW","web",0,2018-04-05,2018-03-29
"Eden","ixodes","AU-NSW","web",0,2018-04-05,2018-03-29
"Lake Innes","ixodes","AU-NSW","web",0,2018-04-05,2018-03-29
"Hazelbrook","ixodes","AU-NSW","web",0,2018-04-05,2018-03-29
"Faulconbridge","ixodes","AU-NSW","web",0,2018-04-05,2018-03-29
"Inverell","ixodes","AU-NSW","web",0,2018-04-05,2018-03-29
"Casino","ixodes","AU-NSW","web",0,2018-04-05,2018-03-29
"Warrimoo","ixodes","AU-NSW","web",0,2018-04-05,2018-03-29
"Picton","ixodes","AU-NSW","web",0,2018-04-05,2018-03-29
"Hill Top","ixodes","AU-NSW","web",0,2018-04-05,2018-03-29
"Yamba","ixodes","AU-NSW","web",0,2018-04-05,2018-03-29
"Springwood","ixodes","AU-NSW","web",0,2018-04-05,2018-03-29
"Saint Georges Basin","ixodes","AU-NSW","web",0,2018-04-05,2018-03-29
"Coffs Harbour","ixodes","AU-NSW","web",0,2018-04-05,2018-03-29
"Port Macquarie","ixodes","AU-NSW","web",0,2018-04-05,2018-03-29
"Lismore","ixodes","AU-NSW","web",0,2018-04-05,2018-03-29
"Newcastle","ixodes","AU-NSW","web",0,2018-04-05,2018-03-29
"Queanbeyan","ixodes","AU-NSW","web",0,2018-04-05,2018-03-29
"Central Coast","ixodes","AU-NSW","web",0,2018-04-05,2018-03-29
"Wollongong","ixodes","AU-NSW","web",0,2018-04-05,2018-03-29
"Wagga Wagga","ixodes","AU-NSW","web",0,2018-04-05,2018-03-29
"Mittagong","ixodes","AU-NSW","web",0,2018-04-05,2018-03-29
"Sydney","dog tick","AU-NSW","web",100,2018-04-05,2018-03-29
"East Kangaloon","dog tick","AU-NSW","web",0,2018-04-05,2018-03-29
"Wherrol Flat","dog tick","AU-NSW","web",0,2018-04-05,2018-03-29
"Benandarah","dog tick","AU-NSW","web",0,2018-04-05,2018-03-29
"Chowan Creek","dog tick","AU-NSW","web",0,2018-04-05,2018-03-29
"North Casino","dog tick","AU-NSW","web",0,2018-04-05,2018-03-29
"Warren","dog tick","AU-NSW","web",0,2018-04-05,2018-03-29
"Coramba","dog tick","AU-NSW","web",0,2018-04-05,2018-03-29
"Valla","dog tick","AU-NSW","web",0,2018-04-05,2018-03-29
"Tumbarumba","dog tick","AU-NSW","web",0,2018-04-05,2018-03-29
"Karuah","dog tick","AU-NSW","web",0,2018-04-05,2018-03-29
"Bodalla","dog tick","AU-NSW","web",0,2018-04-05,2018-03-29
"Wollongbar","dog tick","AU-NSW","web",0,2018-04-05,2018-03-29
"Tocumwal","dog tick","AU-NSW","web",0,2018-04-05,2018-03-29
"Eden","dog tick","AU-NSW","web",0,2018-04-05,2018-03-29
"Lake Innes","dog tick","AU-NSW","web",0,2018-04-05,2018-03-29
"Hazelbrook","dog tick","AU-NSW","web",0,2018-04-05,2018-03-29
"Faulconbridge","dog tick","AU-NSW","web",0,2018-04-05,2018-03-29
"Inverell","dog tick","AU-NSW","web",0,2018-04-05,2018-03-29
"Casino","dog tick","AU-NSW","web",0,2018-04-05,2018-03-29
"Warrimoo","dog tick","AU-NSW","web",0,2018-04-05,2018-03-29
"Picton","dog tick","AU-NSW","web",0,2018-04-05,2018-03-29
"Hill Top","dog tick","AU-NSW","web",0,2018-04-05,2018-03-29
"Yamba","dog tick","AU-NSW","web",0,2018-04-05,2018-03-29
"Springwood","dog tick","AU-NSW","web",0,2018-04-05,2018-03-29
"Saint Georges Basin","dog tick","AU-NSW","web",0,2018-04-05,2018-03-29
"Coffs Harbour","dog tick","AU-NSW","web",0,2018-04-05,2018-03-29
"Port Macquarie","dog tick","AU-NSW","web",0,2018-04-05,2018-03-29
"Lismore","dog tick","AU-NSW","web",0,2018-04-05,2018-03-29
"Newcastle","dog tick","AU-NSW","web",0,2018-04-05,2018-03-29
"Queanbeyan","dog tick","AU-NSW","web",0,2018-04-05,2018-03-29
"Central Coast","dog tick","AU-NSW","web",0,2018-04-05,2018-03-29
"Wollongong","dog tick","AU-NSW","web",0,2018-04-05,2018-03-29
"Wagga Wagga","dog tick","AU-NSW","web",0,2018-04-05,2018-03-29
"Mittagong","dog tick","AU-NSW","web",0,2018-04-05,2018-03-29
"Sydney","dog paralysis tick","AU-NSW","web",0,2018-04-05,2018-03-29
"East Kangaloon","dog paralysis tick","AU-NSW","web",0,2018-04-05,2018-03-29
"Wherrol Flat","dog paralysis tick","AU-NSW","web",0,2018-04-05,2018-03-29
"Benandarah","dog paralysis tick","AU-NSW","web",0,2018-04-05,2018-03-29
"Chowan Creek","dog paralysis tick","AU-NSW","web",0,2018-04-05,2018-03-29
"North Casino","dog paralysis tick","AU-NSW","web",0,2018-04-05,2018-03-29
"Warren","dog paralysis tick","AU-NSW","web",0,2018-04-05,2018-03-29
"Coramba","dog paralysis tick","AU-NSW","web",0,2018-04-05,2018-03-29
"Valla","dog paralysis tick","AU-NSW","web",0,2018-04-05,2018-03-29
"Tumbarumba","dog paralysis tick","AU-NSW","web",0,2018-04-05,2018-03-29
"Karuah","dog paralysis tick","AU-NSW","web",0,2018-04-05,2018-03-29
"Bodalla","dog paralysis tick","AU-NSW","web",0,2018-04-05,2018-03-29
"Wollongbar","dog paralysis tick","AU-NSW","web",0,2018-04-05,2018-03-29
"Tocumwal","dog paralysis tick","AU-NSW","web",0,2018-04-05,2018-03-29
"Eden","dog paralysis tick","AU-NSW","web",0,2018-04-05,2018-03-29
"Lake Innes","dog paralysis tick","AU-NSW","web",0,2018-04-05,2018-03-29
"Hazelbrook","dog paralysis tick","AU-NSW","web",0,2018-04-05,2018-03-29
"Faulconbridge","dog paralysis tick","AU-NSW","web",0,2018-04-05,2018-03-29
"Inverell","dog paralysis tick","AU-NSW","web",0,2018-04-05,2018-03-29
"Casino","dog paralysis tick","AU-NSW","web",0,2018-04-05,2018-03-29
"Warrimoo","dog paralysis tick","AU-NSW","web",0,2018-04-05,2018-03-29
"Picton","dog paralysis tick","AU-NSW","web",0,2018-04-05,2018-03-29
"Hill Top","dog paralysis tick","AU-NSW","web",0,2018-04-05,2018-03-29
"Yamba","dog paralysis tick","AU-NSW","web",0,2018-04-05,2018-03-29
"Springwood","dog paralysis tick","AU-NSW","web",0,2018-04-05,2018-03-29
"Saint Georges Basin","dog paralysis tick","AU-NSW","web",0,2018-04-05,2018-03-29
"Coffs Harbour","dog paralysis tick","AU-NSW","web",0,2018-04-05,2018-03-29
"Port Macquarie","dog paralysis tick","AU-NSW","web",0,2018-04-05,2018-03-29
"Lismore","dog paralysis tick","AU-NSW","web",0,2018-04-05,2018-03-29
"Newcastle","dog paralysis tick","AU-NSW","web",0,2018-04-05,2018-03-29
"Queanbeyan","dog paralysis tick","AU-NSW","web",0,2018-04-05,2018-03-29
"Central Coast","dog paralysis tick","AU-NSW","web",0,2018-04-05,2018-03-29
"Wollongong","dog paralysis tick","AU-NSW","web",0,2018-04-05,2018-03-29
"Wagga Wagga","dog paralysis tick","AU-NSW","web",0,2018-04-05,2018-03-29
"Mittagong","dog paralysis tick","AU-NSW","web",0,2018-04-05,2018-03-29
"Dorrigo Mountain","ixodes","AU-NSW","web",0,2018-04-05,2018-03-29
"Eungai Creek","dog tick","AU-NSW","web",0,2018-04-05,2018-03-29
"Black Creek","dog tick","AU-NSW","web",0,2018-04-05,2018-03-29
"Bungalora","dog tick","AU-NSW","web",0,2018-04-05,2018-03-29
"Gerogery","dog tick","AU-NSW","web",0,2018-04-05,2018-03-29
"Upper Orara","dog tick","AU-NSW","web",0,2018-04-05,2018-03-29
"Wilcannia","dog tick","AU-NSW","web",0,2018-04-05,2018-03-29
"Hyams Beach","dog tick","AU-NSW","web",0,2018-04-05,2018-03-29
"Wolumla","dog tick","AU-NSW","web",0,2018-04-05,2018-03-29
"Moonbi","dog tick","AU-NSW","web",0,2018-04-05,2018-03-29
"Mathoura","dog tick","AU-NSW","web",0,2018-04-05,2018-03-29
"Lake Tabourie","dog tick","AU-NSW","web",0,2018-04-05,2018-03-29
"Arrawarra","dog tick","AU-NSW","web",0,2018-04-05,2018-03-29
"Duns Creek","dog tick","AU-NSW","web",0,2018-04-05,2018-03-29
"Mollymook","dog tick","AU-NSW","web",0,2018-04-05,2018-03-29
"Sandy Beach","dog tick","AU-NSW","web",0,2018-04-05,2018-03-29
"Wellington","dog tick","AU-NSW","web",0,2018-04-05,2018-03-29
"Wee Waa","dog tick","AU-NSW","web",0,2018-04-05,2018-03-29
"Lake Cathie","dog tick","AU-NSW","web",0,2018-04-05,2018-03-29
"Culburra Beach","dog tick","AU-NSW","web",0,2018-04-05,2018-03-29
"Casuarina","dog tick","AU-NSW","web",0,2018-04-05,2018-03-29
"Batemans Bay","dog tick","AU-NSW","web",0,2018-04-05,2018-03-29
"Narrawallee","dog tick","AU-NSW","web",0,2018-04-05,2018-03-29
"Tweed Heads South","dog tick","AU-NSW","web",0,2018-04-05,2018-03-29
"Back Forest","dog tick","AU-NSW","web",0,2018-04-05,2018-03-29
"Lawson","dog tick","AU-NSW","web",0,2018-04-05,2018-03-29
"Narrabri","dog tick","AU-NSW","web",0,2018-04-05,2018-03-29
"Manton","dog tick","AU-NSW","web",0,2018-04-05,2018-03-29
"Mooball","dog tick","AU-NSW","web",0,2018-04-05,2018-03-29
"Murwillumbah","dog tick","AU-NSW","web",0,2018-04-05,2018-03-29
"Young","dog tick","AU-NSW","web",0,2018-04-05,2018-03-29
"Blaxland","dog tick","AU-NSW","web",0,2018-04-05,2018-03-29
"Tweed Heads","dog tick","AU-NSW","web",0,2018-04-05,2018-03-29
"Wilton","dog tick","AU-NSW","web",0,2018-04-05,2018-03-29
"Nowra","dog tick","AU-NSW","web",0,2018-04-05,2018-03-29
"Bowral","dog tick","AU-NSW","web",0,2018-04-05,2018-03-29
"Banora Point","dog tick","AU-NSW","web",0,2018-04-05,2018-03-29
"Skinners Shoot","dog tick","AU-NSW","web",0,2018-04-05,2018-03-29
"Bathurst","dog tick","AU-NSW","web",0,2018-04-05,2018-03-29
"Tamworth","dog tick","AU-NSW","web",0,2018-04-05,2018-03-29
"Sydney","removing ticks","AU-NSW","web",200,2018-04-05,2018-03-29
"Basin View","removing ticks","AU-NSW","web",0,2018-04-05,2018-03-29
"Uralla","removing ticks","AU-NSW","web",0,2018-04-05,2018-03-29
"Tahmoor","removing ticks","AU-NSW","web",0,2018-04-05,2018-03-29
"Lawson","removing ticks","AU-NSW","web",0,2018-04-05,2018-03-29
"Ulladulla","removing ticks","AU-NSW","web",0,2018-04-05,2018-03-29
"Tamworth","removing ticks","AU-NSW","web",0,2018-04-05,2018-03-29
"Coffs Harbour","removing ticks","AU-NSW","web",0,2018-04-05,2018-03-29
"Wollongong","removing ticks","AU-NSW","web",0,2018-04-05,2018-03-29
"Newcastle","removing ticks","AU-NSW","web",0,2018-04-05,2018-03-29
"Sydney","tick infestation","AU-NSW","web",0,2018-04-05,2018-03-29
"Basin View","tick infestation","AU-NSW","web",0,2018-04-05,2018-03-29
"Uralla","tick infestation","AU-NSW","web",0,2018-04-05,2018-03-29
"Tahmoor","tick infestation","AU-NSW","web",0,2018-04-05,2018-03-29
"Lawson","tick infestation","AU-NSW","web",0,2018-04-05,2018-03-29
"Ulladulla","tick infestation","AU-NSW","web",0,2018-04-05,2018-03-29
"Tamworth","tick infestation","AU-NSW","web",0,2018-04-05,2018-03-29
"Coffs Harbour","tick infestation","AU-NSW","web",0,2018-04-05,2018-03-29
"Wollongong","tick infestation","AU-NSW","web",0,2018-04-05,2018-03-29
"Newcastle","tick infestation","AU-NSW","web",0,2018-04-05,2018-03-29
"Sydney","tick prevention","AU-NSW","web",0,2018-04-05,2018-03-29
"Basin View","tick prevention","AU-NSW","web",0,2018-04-05,2018-03-29
"Uralla","tick prevention","AU-NSW","web",0,2018-04-05,2018-03-29
"Tahmoor","tick prevention","AU-NSW","web",0,2018-04-05,2018-03-29
"Lawson","tick prevention","AU-NSW","web",0,2018-04-05,2018-03-29
"Ulladulla","tick prevention","AU-NSW","web",0,2018-04-05,2018-03-29
"Tamworth","tick prevention","AU-NSW","web",0,2018-04-05,2018-03-29
"Coffs Harbour","tick prevention","AU-NSW","web",0,2018-04-05,2018-03-29
"Wollongong","tick prevention","AU-NSW","web",0,2018-04-05,2018-03-29
"Newcastle","tick prevention","AU-NSW","web",0,2018-04-05,2018-03-29
"Palmwoods","tick prevention","AU-NSW","web",0,2018-04-05,2018-03-29
"Mountain Top","tick prevention","AU-NSW","web",0,2018-04-05,2018-03-29
"Tura Beach","tick prevention","AU-NSW","web",0,2018-04-05,2018-03-29
"Mittagong","tick prevention","AU-NSW","web",0,2018-04-05,2018-03-29
"Lake Innes","tick prevention","AU-NSW","web",0,2018-04-05,2018-03-29
"Berry","tick prevention","AU-NSW","web",0,2018-04-05,2018-03-29
"Narrabri","tick prevention","AU-NSW","web",0,2018-04-05,2018-03-29
"Wollongbar","tick prevention","AU-NSW","web",0,2018-04-05,2018-03-29
"Bilpin","tick prevention","AU-NSW","web",0,2018-04-05,2018-03-29
"Nowra","tick prevention","AU-NSW","web",0,2018-04-05,2018-03-29
"Port Macquarie","tick prevention","AU-NSW","web",0,2018-04-05,2018-03-29
"Bathurst","tick prevention","AU-NSW","web",0,2018-04-05,2018-03-29
"Pambula","tick prevention","AU-NSW","web",0,2018-04-05,2018-03-29
